algorithm,seed,Ir,Dr,Dw,I1mr,D1mr,D1mw,ILmr,DLmr,DLmw
BIKE-L1,11111,8620690,2207087,2304799,123,2490,6878,114,8
BIKE-L1,22222,8620690,2207087,2304799,123,2490,6878,114,8
BIKE-L1,33333,8620690,2207087,2304799,123,2490,6878,114,8
BIKE-L1,44444,8620690,2207087,2304799,123,2490,6878,114,8
BIKE-L1,55555,8620690,2207087,2304799,123,2490,6878,114,8
ML-KEM-768,11111,147689,21461,12987,2159,95,88,94,7,17
ML-KEM-768,22222,147757,21470,12987,2159,94,88,94,7,17
ML-KEM-768,33333,147805,21474,12993,2159,98,91,94,7,17
ML-KEM-768,44444,147663,21458,12990,2159,95,90,94,7,17
ML-KEM-768,55555,147867,21485,12995,2159,96,89,94,7,17
