label,compiler,flags,algorithm,secret_branches,suppressed_residual,verdict
gcc-O2,gcc,"-O2",BIKE-L1,0,99400,"CLEAN (no secret-dependent branch; cond=0 all benign; suppressed-residual=99400)"
gcc-O2,gcc,"-O2",ML-KEM-768,68,0,"CLEAN (no secret-dependent branch; cond=68 all benign; suppressed-residual=0)"
gcc-O3,gcc,"-O3",BIKE-L1,0,99400,"CLEAN (no secret-dependent branch; cond=0 all benign; suppressed-residual=99400)"
gcc-O3,gcc,"-O3",ML-KEM-768,75,0,"CLEAN (no secret-dependent branch; cond=75 all benign; suppressed-residual=0)"
gcc-Os,gcc,"-Os",BIKE-L1,0,99400,"CLEAN (no secret-dependent branch; cond=0 all benign; suppressed-residual=99400)"
gcc-Os,gcc,"-Os",ML-KEM-768,65,0,"CLEAN (no secret-dependent branch; cond=65 all benign; suppressed-residual=0)"
clang-O1,clang,"-O1",BIKE-L1,0,0,"CLEAN (no secret-dependent branch; cond=0 all benign; suppressed-residual=0)"
clang-O1,clang,"-O1",ML-KEM-768,67,0,"CLEAN (no secret-dependent branch; cond=67 all benign; suppressed-residual=0)"
clang-Os,clang,"-Os",BIKE-L1,0,0,"CLEAN (no secret-dependent branch; cond=0 all benign; suppressed-residual=0)"
clang-Os,clang,"-Os",ML-KEM-768,67,0,"CLEAN (no secret-dependent branch; cond=67 all benign; suppressed-residual=0)"
clang-O2,clang,"-O2",BIKE-L1,0,0,"CLEAN (no secret-dependent branch; cond=0 all benign; suppressed-residual=0)"
clang-O2,clang,"-O2",ML-KEM-768,66,0,"CLEAN (no secret-dependent branch; cond=66 all benign; suppressed-residual=0)"
clang-O3,clang,"-O3",BIKE-L1,0,0,"CLEAN (no secret-dependent branch; cond=0 all benign; suppressed-residual=0)"
clang-O3,clang,"-O3",ML-KEM-768,67,0,"CLEAN (no secret-dependent branch; cond=67 all benign; suppressed-residual=0)"
